<?xml version="1.0" encoding="utf-8" standalone="yes"?>
<rss version="2.0" xmlns:atom="http://www.w3.org/2005/Atom">
  <channel>
    <title>Blogs on Pepper&#39;s Pawprint</title>
    <link>https://www.peppers-pawprint.com/nl/blog/</link>
    <description>Recent content in Blogs on Pepper&#39;s Pawprint</description>
    <generator>Hugo -- gohugo.io</generator>
    <language>nl</language>
    <lastBuildDate>Fri, 14 Aug 2020 08:00:00 +0100</lastBuildDate>
    
	<atom:link href="https://www.peppers-pawprint.com/nl/blog/index.xml" rel="self" type="application/rss+xml" />
    
    
    <item>
      <title>Mijn hond en beloningen</title>
      <link>https://www.peppers-pawprint.com/nl/blog/mijn-hond-en-beloningen/</link>
      <pubDate>Fri, 14 Aug 2020 08:00:00 +0100</pubDate>
      
      <guid>https://www.peppers-pawprint.com/nl/blog/mijn-hond-en-beloningen/</guid>
      <description>Meestal wordt een hond beloond in de vorm van voedsel. In plaats van een brokje, kun je jouw hond ook belonen door naar hem te glimlachen, samen te rennen of te spelen. Een beloning moet altijd positief zijn en vooral leuk! Een beloning waar jouw hond blij van wordt, zal hem ook motiveren en je blijft spannend.
Toen Pepper jong was, beloonde ik hem meestal met een brokje. Tegenwoordig krijgt hij een glimlach, soms een brokje of we rennen samen voor een korte tijd.</description>
    </item>
    
    <item>
      <title>Moro’s wortelsoep tegen diarree</title>
      <link>https://www.peppers-pawprint.com/nl/blog/moros-wortelsoep-tegen-diarree/</link>
      <pubDate>Mon, 20 Jul 2020 08:00:00 +0100</pubDate>
      
      <guid>https://www.peppers-pawprint.com/nl/blog/moros-wortelsoep-tegen-diarree/</guid>
      <description>Effect Het geheim van de wortelsoep is de lange kooktijd, waarin een belangrijk molecuul vrijkomt. Dit is zelfs wetenschappelijk onderzocht.
Door het lange kookproces komen belangrijke suikermoleculen uit de wortels vrij. De bacteriën hechten zich aan de suikermoleculen, omdat ze sterk lijken op de darmreceptoren, en daarmee worden de bacteriën uitgescheiden met de ontlasting. Omdat door de diarree belangrijke minerale zouten verloren gaan, helpt het zout in de wortelsoep om de elektrolytenbalans van het lichaam aan te vullen.</description>
    </item>
    
    <item>
      <title>Als jouw hond &#39;plotseling&#39; oud is</title>
      <link>https://www.peppers-pawprint.com/nl/blog/als-jouw-hond-plotseling-oud-is/</link>
      <pubDate>Fri, 03 Jul 2020 08:00:00 +0100</pubDate>
      
      <guid>https://www.peppers-pawprint.com/nl/blog/als-jouw-hond-plotseling-oud-is/</guid>
      <description>Zo&#39;n proces is natuurlijk langzaam, maar het laat me beseffen dat ons gezamenlijke pad niet eindeloos is. Soms na het opstaan wankelt Pepper een beetje en moet dan eerst zijn evenwicht in de heup vinden. Dat hoort er ook bij, vooral omdat zijn heup niet zijn sterkste kant is.
We nemen elke dag zoals het is en passen onze dagelijkse wandelingen erop aan hoe hij zich voelt. Als ik zie dat hij stijf is, ga ik kortere wandelingen maken en ontspannen we meer thuis.</description>
    </item>
    
    <item>
      <title>Rust- en bewegingsdagboek</title>
      <link>https://www.peppers-pawprint.com/nl/blog/rust-en-bewegingsdagboek/</link>
      <pubDate>Thu, 11 Jun 2020 06:00:00 +0100</pubDate>
      
      <guid>https://www.peppers-pawprint.com/nl/blog/rust-en-bewegingsdagboek/</guid>
      <description>Een rust- en bewegingsdagboek geeft inzicht in hoe lang jouw hond overdag slaapt en hoe vaak jouw hond wordt uitgedaagd. Om ervoor te zorgen dat het dagboek zinvol is, is het handig om de volgende vragen te beantwoorden.
Vragen voor wandelingen  Wanneer ben je met je hond gaan wandelen? (Schrijf alle wandelingen op.) Hoe lang was je onderweg? Hoe lang was jouw hond aan de lijn en los / aan de lange lijn?</description>
    </item>
    
    <item>
      <title>Wildkamperen</title>
      <link>https://www.peppers-pawprint.com/nl/blog/wildkamperen/</link>
      <pubDate>Fri, 05 Jun 2020 08:00:00 +0100</pubDate>
      
      <guid>https://www.peppers-pawprint.com/nl/blog/wildkamperen/</guid>
      <description>Tijdens de vakantieweek waren we bij de Falun put en zagen we de prachtige natuur van de 3 nationale parken: Tresticklan, Fulufjället en Färnebofjärden. We hebben bijna elke dag kleine wandelingen gemaakt. Omdat het op het moment van onze tour erg warm was, konden we helaas geen lange wandelingen maken. Sommige dagen rustten we gewoon uit bij een meer - Pepper sliep en ik las een boek.
Praktische zaken Tijdens wildkamperen moet elke plek worden achtergelaten zoals deze was voordat je er kwam.</description>
    </item>
    
    <item>
      <title>Chronische superficiële keratitis</title>
      <link>https://www.peppers-pawprint.com/nl/blog/chronische-superficiele-keratitis/</link>
      <pubDate>Thu, 28 May 2020 08:00:00 +0100</pubDate>
      
      <guid>https://www.peppers-pawprint.com/nl/blog/chronische-superficiele-keratitis/</guid>
      <description>Destijds dacht ik dat Pepper een normale ooginfectie had. Beide ogen waren rood in de buitenste hoek. Ik ging naar de dierenarts en liet zijn ogen onderzoeken. Allereerst kregen we een normale zalf voor ooginfecties. Na een week was het echter nog niet beter en gingen we weer naar de dierenarts. Hij onderzocht het oog opnieuw en vermoedde een chronische superficiële keratitis.
De chronische superficiële keratitis kan worden gediagnosticeerd door een uitstrijkje op het oog.</description>
    </item>
    
    <item>
      <title>Wonen met een hond: Appartement of huis?</title>
      <link>https://www.peppers-pawprint.com/nl/blog/wonen-met-een-hond-appartement-of-huis/</link>
      <pubDate>Mon, 11 May 2020 09:00:00 +0100</pubDate>
      
      <guid>https://www.peppers-pawprint.com/nl/blog/wonen-met-een-hond-appartement-of-huis/</guid>
      <description>Pepper is nu 11 jaar oud en we hebben nooit lang op hetzelfde adres gewoond. We hebben dus veel verschillende woonsituaties uitgeprobeerd en willen onze ervaringen delen.
Huis met omheinde tuin Toen Pepper bij ons kwam, woonde ik nog thuis met mijn familie in een huis met een omheinde tuin. Ik denk dat een tuin heel praktisch is omdat je de tuindeur in de zomer gewoon open kunt laten. Dit was bij ons vaak het geval en Pepper kon zelf bepalen of hij liever in de tuin of in huis lag.</description>
    </item>
    
    <item>
      <title>Snoep dozen</title>
      <link>https://www.peppers-pawprint.com/nl/blog/snoep-dozen/</link>
      <pubDate>Sun, 29 Mar 2020 09:00:00 +0100</pubDate>
      
      <guid>https://www.peppers-pawprint.com/nl/blog/snoep-dozen/</guid>
      <description>Neem een eierendoos of verzenddoos en vul deze met snoepjes. Zeker in het begin is het voor jouw hond waarschijnlijk te moeilijk om de doos te openen. Je kunt de doos gewoon lichtjes sluiten. Dit maakt het makkelijker voor je hond.
Zodra jouw hond de doos durft te openen, kun je de doos bij een latere poging volledig sluiten. Kijk gewoon naar jouw hond - deze geeft de moeilijkheidsgraad aan!</description>
    </item>
    
    <item>
      <title>Handspelletje</title>
      <link>https://www.peppers-pawprint.com/nl/blog/handspelletje/</link>
      <pubDate>Sun, 22 Mar 2020 09:00:00 +0100</pubDate>
      
      <guid>https://www.peppers-pawprint.com/nl/blog/handspelletje/</guid>
      <description>Om te beginnen neem een of meerdere snoepjes in je rechterhand en vorm een ​​vuist. Hou de tweede hand plat ernaast. De hond mag dan aan de vuist met de snoepjes ruiken. Zodra de hond echter de platte hand met de neus aanraakt, open je de vuist om de hond te belonen.
Vooral in het begin probeert de hond waarschijnlijk de vuist meet de snoepjes te openen. Hierop mag niet worden gereageerd.</description>
    </item>
    
    <item>
      <title>Snuffelmat en snoepjes zoeken</title>
      <link>https://www.peppers-pawprint.com/nl/blog/snuffelmat-en-snoepjes-zoeken/</link>
      <pubDate>Sat, 21 Mar 2020 09:00:00 +0100</pubDate>
      
      <guid>https://www.peppers-pawprint.com/nl/blog/snuffelmat-en-snoepjes-zoeken/</guid>
      <description>De snuffelmat kan zowel binnen als in de tuin gebruikt worden. Bij voorkeur heb je kleine snoepjes die op verschillende plaatsen in de mat verborgen kunnen worden. Zodra je alle snoepjes hebt geplaatst, mag de hond ernaar zoeken.
Misschien is jouw hond in het begin erg opgewonden. Als de snuffelmat veel beweegt, kun je hem vasthouden zodat je hond het wat makkelijker heeft. Bovendien is het belangrijk om de snoepjes niet te diep in de mat te plaatsen, omdat dit voor jouw hond nog te moeilijk zou zijn.</description>
    </item>
    
  </channel>
</rss>