<?xml version="1.0" encoding="utf-8" standalone="yes"?>
<rss version="2.0" xmlns:atom="http://www.w3.org/2005/Atom">
  <channel>
    <title>Zweden on Pepper&#39;s Pawprint</title>
    <link>https://www.peppers-pawprint.com/nl/blog/tag/zweden/</link>
    <description>Recent content in Zweden on Pepper&#39;s Pawprint</description>
    <generator>Hugo -- gohugo.io</generator>
    <language>nl</language>
    <lastBuildDate>Fri, 05 Jun 2020 08:00:00 +0100</lastBuildDate>
    
	<atom:link href="https://www.peppers-pawprint.com/nl/blog/tag/zweden/index.xml" rel="self" type="application/rss+xml" />
    
    
    <item>
      <title>Wildkamperen</title>
      <link>https://www.peppers-pawprint.com/nl/blog/wildkamperen/</link>
      <pubDate>Fri, 05 Jun 2020 08:00:00 +0100</pubDate>
      
      <guid>https://www.peppers-pawprint.com/nl/blog/wildkamperen/</guid>
      <description>Tijdens de vakantieweek waren we bij de Falun put en zagen we de prachtige natuur van de 3 nationale parken: Tresticklan, Fulufjället en Färnebofjärden. We hebben bijna elke dag kleine wandelingen gemaakt. Omdat het op het moment van onze tour erg warm was, konden we helaas geen lange wandelingen maken. Sommige dagen rustten we gewoon uit bij een meer - Pepper sliep en ik las een boek.
Praktische zaken Tijdens wildkamperen moet elke plek worden achtergelaten zoals deze was voordat je er kwam.</description>
    </item>
    
  </channel>
</rss>