<?xml version="1.0" encoding="utf-8" standalone="yes"?>
<rss version="2.0" xmlns:atom="http://www.w3.org/2005/Atom">
  <channel>
    <title>Hersenwerk voor binnen on Pepper&#39;s Pawprint</title>
    <link>https://www.peppers-pawprint.com/nl/blog/tag/hersenwerk-voor-binnen/</link>
    <description>Recent content in Hersenwerk voor binnen on Pepper&#39;s Pawprint</description>
    <generator>Hugo -- gohugo.io</generator>
    <language>nl</language>
    <lastBuildDate>Sun, 29 Mar 2020 09:00:00 +0100</lastBuildDate>
    
	<atom:link href="https://www.peppers-pawprint.com/nl/blog/tag/hersenwerk-voor-binnen/index.xml" rel="self" type="application/rss+xml" />
    
    
    <item>
      <title>Snoep dozen</title>
      <link>https://www.peppers-pawprint.com/nl/blog/snoep-dozen/</link>
      <pubDate>Sun, 29 Mar 2020 09:00:00 +0100</pubDate>
      
      <guid>https://www.peppers-pawprint.com/nl/blog/snoep-dozen/</guid>
      <description>Neem een eierendoos of verzenddoos en vul deze met snoepjes. Zeker in het begin is het voor jouw hond waarschijnlijk te moeilijk om de doos te openen. Je kunt de doos gewoon lichtjes sluiten. Dit maakt het makkelijker voor je hond.
Zodra jouw hond de doos durft te openen, kun je de doos bij een latere poging volledig sluiten. Kijk gewoon naar jouw hond - deze geeft de moeilijkheidsgraad aan!</description>
    </item>
    
    <item>
      <title>Handspelletje</title>
      <link>https://www.peppers-pawprint.com/nl/blog/handspelletje/</link>
      <pubDate>Sun, 22 Mar 2020 09:00:00 +0100</pubDate>
      
      <guid>https://www.peppers-pawprint.com/nl/blog/handspelletje/</guid>
      <description>Om te beginnen neem een of meerdere snoepjes in je rechterhand en vorm een ​​vuist. Hou de tweede hand plat ernaast. De hond mag dan aan de vuist met de snoepjes ruiken. Zodra de hond echter de platte hand met de neus aanraakt, open je de vuist om de hond te belonen.
Vooral in het begin probeert de hond waarschijnlijk de vuist meet de snoepjes te openen. Hierop mag niet worden gereageerd.</description>
    </item>
    
    <item>
      <title>Snuffelmat en snoepjes zoeken</title>
      <link>https://www.peppers-pawprint.com/nl/blog/snuffelmat-en-snoepjes-zoeken/</link>
      <pubDate>Sat, 21 Mar 2020 09:00:00 +0100</pubDate>
      
      <guid>https://www.peppers-pawprint.com/nl/blog/snuffelmat-en-snoepjes-zoeken/</guid>
      <description>De snuffelmat kan zowel binnen als in de tuin gebruikt worden. Bij voorkeur heb je kleine snoepjes die op verschillende plaatsen in de mat verborgen kunnen worden. Zodra je alle snoepjes hebt geplaatst, mag de hond ernaar zoeken.
Misschien is jouw hond in het begin erg opgewonden. Als de snuffelmat veel beweegt, kun je hem vasthouden zodat je hond het wat makkelijker heeft. Bovendien is het belangrijk om de snoepjes niet te diep in de mat te plaatsen, omdat dit voor jouw hond nog te moeilijk zou zijn.</description>
    </item>
    
  </channel>
</rss>