<?xml version="1.0" encoding="utf-8" standalone="yes"?>
<rss version="2.0" xmlns:atom="http://www.w3.org/2005/Atom">
  <channel>
    <title>Gezondheid on Pepper&#39;s Pawprint</title>
    <link>https://www.peppers-pawprint.com/nl/blog/category/gezondheid/</link>
    <description>Recent content in Gezondheid on Pepper&#39;s Pawprint</description>
    <generator>Hugo -- gohugo.io</generator>
    <language>nl</language>
    <lastBuildDate>Mon, 20 Jul 2020 08:00:00 +0100</lastBuildDate>
    
	<atom:link href="https://www.peppers-pawprint.com/nl/blog/category/gezondheid/index.xml" rel="self" type="application/rss+xml" />
    
    
    <item>
      <title>Moro’s wortelsoep tegen diarree</title>
      <link>https://www.peppers-pawprint.com/nl/blog/moros-wortelsoep-tegen-diarree/</link>
      <pubDate>Mon, 20 Jul 2020 08:00:00 +0100</pubDate>
      
      <guid>https://www.peppers-pawprint.com/nl/blog/moros-wortelsoep-tegen-diarree/</guid>
      <description>Effect Het geheim van de wortelsoep is de lange kooktijd, waarin een belangrijk molecuul vrijkomt. Dit is zelfs wetenschappelijk onderzocht.
Door het lange kookproces komen belangrijke suikermoleculen uit de wortels vrij. De bacteriën hechten zich aan de suikermoleculen, omdat ze sterk lijken op de darmreceptoren, en daarmee worden de bacteriën uitgescheiden met de ontlasting. Omdat door de diarree belangrijke minerale zouten verloren gaan, helpt het zout in de wortelsoep om de elektrolytenbalans van het lichaam aan te vullen.</description>
    </item>
    
    <item>
      <title>Chronische superficiële keratitis</title>
      <link>https://www.peppers-pawprint.com/nl/blog/chronische-superficiele-keratitis/</link>
      <pubDate>Thu, 28 May 2020 08:00:00 +0100</pubDate>
      
      <guid>https://www.peppers-pawprint.com/nl/blog/chronische-superficiele-keratitis/</guid>
      <description>Destijds dacht ik dat Pepper een normale ooginfectie had. Beide ogen waren rood in de buitenste hoek. Ik ging naar de dierenarts en liet zijn ogen onderzoeken. Allereerst kregen we een normale zalf voor ooginfecties. Na een week was het echter nog niet beter en gingen we weer naar de dierenarts. Hij onderzocht het oog opnieuw en vermoedde een chronische superficiële keratitis.
De chronische superficiële keratitis kan worden gediagnosticeerd door een uitstrijkje op het oog.</description>
    </item>
    
  </channel>
</rss>