<?xml version="1.0" encoding="utf-8" standalone="yes"?>
<rss version="2.0" xmlns:atom="http://www.w3.org/2005/Atom">
  <channel>
    <title>Wonen met een hond on Pepper&#39;s Pawprint</title>
    <link>https://www.peppers-pawprint.com/nl/blog/tag/wonen-met-een-hond/</link>
    <description>Recent content in Wonen met een hond on Pepper&#39;s Pawprint</description>
    <generator>Hugo -- gohugo.io</generator>
    <language>nl</language>
    <lastBuildDate>Mon, 11 May 2020 09:00:00 +0100</lastBuildDate>
    
	<atom:link href="https://www.peppers-pawprint.com/nl/blog/tag/wonen-met-een-hond/index.xml" rel="self" type="application/rss+xml" />
    
    
    <item>
      <title>Wonen met een hond: Appartement of huis?</title>
      <link>https://www.peppers-pawprint.com/nl/blog/wonen-met-een-hond-appartement-of-huis/</link>
      <pubDate>Mon, 11 May 2020 09:00:00 +0100</pubDate>
      
      <guid>https://www.peppers-pawprint.com/nl/blog/wonen-met-een-hond-appartement-of-huis/</guid>
      <description>Pepper is nu 11 jaar oud en we hebben nooit lang op hetzelfde adres gewoond. We hebben dus veel verschillende woonsituaties uitgeprobeerd en willen onze ervaringen delen.
Huis met omheinde tuin Toen Pepper bij ons kwam, woonde ik nog thuis met mijn familie in een huis met een omheinde tuin. Ik denk dat een tuin heel praktisch is omdat je de tuindeur in de zomer gewoon open kunt laten. Dit was bij ons vaak het geval en Pepper kon zelf bepalen of hij liever in de tuin of in huis lag.</description>
    </item>
    
  </channel>
</rss>